_record_id,_title,_server_updated_at,_project,_assigned_to,_updated_by,_geometry,_latitude,_longitude,numero_rota,municipio,manejo,estdio_fenolgico,espaamento_cm,condio_da_lavoura,quantidade_de_espigas_na_primeira_fileira_10m,cobertura_da_espiga_1,fileiras_graos_redor_1,linhas_graos_ao_longo_1,cobertura_da_espiga_2,fileiras_graos_redor_2,linhas_graos_ao_longo_2,cobertura_da_espiga_3,fileiras_graos_redor_3,linhas_graos_ao_longo_3,quantidade_de_espigas_na_segunda_fileira_10m,cobertura_da_espiga_4,fileiras_graos_redor_4,linhas_graos_ao_longo_4,cobertura_da_espiga_5,fileiras_graos_redor_5,linhas_graos_ao_longo_5,cobertura_da_espiga_6,fileiras_graos_redor_6,linhas_graos_ao_longo_6,fotos_das_espigas_cap_do_carro,foto_das_linhas,fotos_adicionais,produtividade_estimada_clculo_automtico_kghectare
79aa86b0-297d-4cfb-a5be-d714a7acb1ee,4,2026-05-08 00:21:17 UTC,,,Jhonatan Negreiros,SRID=4326;POINT(-55.79832802455523 -13.089161352550345),-13.0891613526,-55.7983280246,4,"Mato Grosso,Sorriso",Sequeiro,R5 (formação de dentes / dent),45,5. Excelente / Excellent,35,16,14,30,14,16,28,14,16,28,28,10,16,18,12,16,23,13,16,25,9c1e4cfb-dc4a-4466-b0a3-f8411ea7f6bb,41a7ea61-54f7-4c32-baca-4ac562211327,ecea73bc-6481-45c6-a1ae-b70513ebc3f4,138.366361655773
4560be79-1974-4357-9359-fb358bf8cccd,4,2026-05-08 00:21:09 UTC,,,Jhonatan Negreiros,SRID=4326;POINT(-55.720746016969834 -13.19638499735114),-13.1963849974,-55.720746017,4,"Mato Grosso,Sorriso",Sequeiro,R6 (maturação fisiológica / physiological maturity),48,4. Boa / Good,25,12,16,28,17,16,33,18,18,38,30,17,14,37,13,16,28,15,18,32,f85ca3d5-ae87-4fb4-8c52-3da64eaf78b2,2fd203d4-83e2-45d7-a556-14994657f1ce,a6492535-af91-4fb3-a13f-039707f2ec45,152.242057007988
ff0bdf81-8ced-401a-a9cb-f26cc9c2f4c9,4,2026-05-08 00:20:54 UTC,,,Jhonatan Negreiros,SRID=4326;POINT(-55.64975952154462 -13.329341270393241),-13.3293412704,-55.6497595215,4,"Mato Grosso,Sorriso",Sequeiro,R5 (formação de dentes / dent),45,4. Boa / Good,27,15,18,35,13,18,31,17,17,33,27,15,20,30,12,20,26,13,20,29,bdda0ae9-8161-49d6-aab1-ecab8245079c,d45655a1-0a4f-4059-a2fa-6bec9a7b7b5d,326065e2-62a4-4c58-8842-128d97c0dc84,172.587189542484
d7f46845-7e88-4238-b8a2-2e50621d939f,4,2026-05-08 00:20:40 UTC,,,Jhonatan Negreiros,SRID=4326;POINT(-55.577051329291734 -13.451056216495545),-13.4510562165,-55.5770513293,4,"Mato Grosso,Santa Rita do Trivelato",Sequeiro,R6 (maturação fisiológica / physiological maturity),48,4. Boa / Good,26,16,18,33,12,18,24,14,14,29,30,12,18,26,18,13,37,15,16,30,44f1a52d-af42-4b10-9858-698d13ca54d8,4a057d69-6b77-4f7c-843a-430144999b97,03cd03a9-20df-429c-965b-85148d12aa3c,140.120797022513
ab3025b3-8330-42d9-b0af-f4395f8e25e0,4,2026-05-07 23:04:11 UTC,,,Jhonatan Negreiros,SRID=4326;POINT(-55.3819985171926 -13.733379421125166),-13.7333794211,-55.3819985172,4,"Mato Grosso,Santa Rita do Trivelato",Sequeiro,R6 (maturação fisiológica / physiological maturity),50,4. Boa / Good,25,11,14,23,10,16,19,12,14,26,26,13,14,28,12,16,25,9,14,21,f0560366-1296-4281-bb7d-fcf572ba0e94,c63af9ea-033a-4098-a9ca-96550450ce32,79a0fc75-24ee-4d07-b142-686a760da549,88.1662222222222
4c78ad3c-b736-4b0d-be30-2aa20eb8d4b8,4,2026-05-07 23:04:11 UTC,,,Jhonatan Negreiros,SRID=4326;POINT(-55.459307072175925 -13.584167214384244),-13.5841672144,-55.4593070722,4,"Mato Grosso,Santa Rita do Trivelato",Sequeiro,R6 (maturação fisiológica / physiological maturity),50,4. Boa / Good,32,16,16,33,13,18,34,14,16,28,31,17,16,33,15,16,31,16,14,32,dec5cf02-c8f8-49ff-a45d-fce1324f5bd9,a622638b-36aa-47ee-837a-18ca5ce713a6,252e0683-84d3-456f-8a66-c0d2983b0be4,159.810823529412
ef28cdca-2f9e-4bd6-b971-f7b65f96df81,4,2026-05-07 23:04:07 UTC,,,Jhonatan Negreiros,SRID=4326;POINT(-56.1925571172374 -13.041974051534062),-13.0419740515,-56.1925571172,4,"Mato Grosso,Lucas do Rio Verde",Sequeiro,R6 (maturação fisiológica / physiological maturity),48,5. Excelente / Excellent,27,17,18,35,17,18,34,20,16,39,30,14,22,28,17,15,33,18,20,40,262e97ae-dbc9-4cb3-85f1-d319bc8b8d48,66ac0c14-a12a-4c19-82c6-9008ddabc221,c0c749c3-9d0f-43a4-b0d5-b42049cecdaf,187.127427151416
4d5b3d93-dc03-48bf-8614-df1fc643f454,4,2026-05-07 23:04:07 UTC,,,Jhonatan Negreiros,SRID=4326;POINT(-56.357051465129665 -12.922287829167608),-12.9222878292,-56.3570514651,4,"Mato Grosso,Tapurah",Sequeiro,R5 (formação de dentes / dent),45,5. Excelente / Excellent,31,17,16,35,12,18,27,12,20,27,27,15,18,26,15,18,32,16,16,33,8beb880b-ed97-4993-85e6-48b41febd9d0,66aaa751-81bd-4293-9004-f76637e2b729,2c01e6f8-9c11-4311-b31d-6365333f47af,170.108061002179
1137f9da-24e6-409a-99be-b4dcbe739b9c,4,2026-05-07 23:04:06 UTC,,,Jhonatan Negreiros,SRID=4326;POINT(-56.460170232018335 -12.82771585837657),-12.8277158584,-56.460170232,4,"Mato Grosso,Tapurah",Sequeiro,R6 (maturação fisiológica / physiological maturity),45,5. Excelente / Excellent,24,18,16,34,21,14,39,20,16,37,27,20,14,36,17,14,33,21,14,40,06c95abf-e376-45b2-99ed-245a9bbf3f6e,845b1136-c9e0-41b3-a099-5073e29429a4,b92f3973-a864-49c6-9bae-e5379f364227,151.082962962963
f2859d75-f56b-49fb-a9af-0dceb8d8f9cd,4,2026-05-07 23:04:06 UTC,,,Jhonatan Negreiros,SRID=4326;POINT(-56.45277282475269 -12.249938183822056),-12.2499381838,-56.4527728248,4,"Mato Grosso,Itanhanga",Sequeiro,R6 (maturação fisiológica / physiological maturity),45,5. Excelente / Excellent,26,19,16,38,18,18,36,15,16,32,29,15,18,33,18,28,33,18,18,37,041d3eb1-f76e-4ecd-a288-128b315fb395,1a37a3d4-21c3-4445-b3cb-5883f534e5ea,17bcc5d2-3c53-415f-9ec9-8d5ab4be7f36,201.433805374001
b72bf168-8bb0-4a81-a799-ce81732ea93a,4,2026-05-07 23:04:05 UTC,,,Jhonatan Negreiros,SRID=4326;POINT(-56.600978712277985 -12.23229950136539),-12.2322995014,-56.6009787123,4,"Mato Grosso,Itanhanga",Sequeiro,R5 (formação de dentes / dent),50,5. Excelente / Excellent,29,18,16,36,15,16,29,15,14,33,33,13,16,27,13,16,30,11,14,18,a44421b7-ad65-48ef-a7c4-65acef25dbb7,dd576455-bf55-4d30-8676-18337617ff24,f23762dc-1047-4236-a8e6-88b7386d5669,136.516976034858
2212dd88-8c8b-491f-98f8-b18e851df6c9,4,2026-05-07 23:04:05 UTC,,,Jhonatan Negreiros,SRID=4326;POINT(-56.68515141142475 -12.351900232218986),-12.3519002322,-56.6851514114,4,"Mato Grosso,Itanhanga",Sequeiro,R6 (maturação fisiológica / physiological maturity),45,5. Excelente / Excellent,25,18,18,39,18,22,38,18,18,37,24,17,20,34,14,11,29,17,18,34,b4b3386e-7e5f-44e7-a5f4-ff2848d1028d,6dddfed3-b196-4205-a769-b627a1a12c33,d172bbcb-71b2-46ee-842c-29e854f2fb85,170.051647300896
06070537-91f4-4d20-8c3c-e9fbc13a031b,4,2026-05-07 23:04:04 UTC,,,Jhonatan Negreiros,SRID=4326;POINT(-56.65755568221138 -12.530297293069365),-12.5302972931,-56.6575556822,4,"Mato Grosso,Tapurah",Sequeiro,R6 (maturação fisiológica / physiological maturity),50,4. Boa / Good,32,17,16,34,17,16,37,19,16,37,33,18,14,40,12,14,25,12,14,24,ccef7bb2-e363-4a5f-8d46-9cc1a3363a9c,f2ee0c1d-8d5d-4c2a-849f-27c156ea25a9,f287b105-3d5c-4af8-a805-0b68ab5d8a1d,159.434803921569
3118a49c-98f6-4df7-9c2d-1aa5378bdf8d,4,2026-05-07 23:04:03 UTC,,,Jhonatan Negreiros,SRID=4326;POINT(-56.558477627978334 -12.679257625182382),-12.6792576252,-56.558477628,4,"Mato Grosso,Tapurah",Sequeiro,R5 (formação de dentes / dent),50,3. Média / Fair,27,13,16,27,11,16,24,16,18,29,27,16,18,34,18,16,34,12,16,21,f91b9fb3-a544-4c6e-984c-92e41b184efe,2d2a6aea-bac7-4d64-97c1-a25e24e57295,d738e188-1922-409d-8b2b-3e6a83c9d596,126.252941176471
c8b2b45b-afba-4398-80f4-0d92ea6ae029,4,2026-05-07 23:04:03 UTC,,,Jhonatan Negreiros,SRID=4326;POINT(-55.97897711012471 -12.962299009325552),-12.9622990093,-55.9789771101,4,"Mato Grosso,Lucas do Rio Verde",Sequeiro,R6 (maturação fisiológica / physiological maturity),50,4. Boa / Good,34,19,16,34,17,14,35,20,14,38,30,19,16,32,21,14,48,16,16,29,0eb95ec2-c750-49c3-af10-f8f6a0bb68cd,918eceea-5694-4a71-87f0-621d0e1fa3e1,2d533802-291d-4905-a115-c441c024315b,172.122352941176
2f473353-4f04-44c8-bcf9-15c67939ebc9,4,2026-05-07 23:04:03 UTC,,,Jhonatan Negreiros,SRID=4326;POINT(-56.02453278016037 -12.853880269887087),-12.8538802699,-56.0245327802,4,"Mato Grosso,Lucas do Rio Verde",Sequeiro,R5 (formação de dentes / dent),50,4. Boa / Good,31,16,14,30,16,16,30,16,18,30,33,14,16,29,16,16,30,16,16,30,b3689eda-2c77-4879-968d-940a762dda08,a53458ed-6cde-4e71-9c9d-c114eff2504b,c218fe26-a99b-4371-9487-32f2bff60d43,152.147660130719
3a8e54fb-456c-43e0-a2c1-144208de30da,4,2026-05-07 23:04:02 UTC,,,Jhonatan Negreiros,SRID=4326;POINT(-56.08908242097828 -12.721777206025939),-12.721777206,-56.089082421,4,"Mato Grosso,Lucas do Rio Verde",Sequeiro,R6 (maturação fisiológica / physiological maturity),50,3. Média / Fair,38,13,18,24,15,16,35,13,16,25,38,17,16,32,14,16,29,10,14,20,3ea5cf48-2d28-469f-8009-7c58186984fa,dcf3e591-6463-42d9-b7ba-c343f93583f4,155a0ca4-44bc-4e4b-a5c9-ffddc50e47b6,166.54431372549
a9e55464-f914-4928-8f48-4a712ad109f9,4,2026-05-07 23:04:02 UTC,,,Jhonatan Negreiros,SRID=4326;POINT(-56.171579927660716 -12.60434613229211),-12.6043461323,-56.1715799277,4,"Mato Grosso,Lucas do Rio Verde",Sequeiro,R5 (formação de dentes / dent),50,5. Excelente / Excellent,27,19,16,41,19,16,41,17,14,38,29,17,14,39,18,14,42,15,16,36,37d01d00-69ed-4931-93f3-5201e0e79fd2,0f615b4c-487d-4f2f-9573-f134b9f0eff5,cb98677d-ab58-43eb-8d62-6d4d425550db,165.249411764706
cc7cfcb3-3ca9-41ce-bbd5-5e8b5311ae93,4,2026-05-07 23:04:00 UTC,,,Jhonatan Negreiros,SRID=4326;POINT(-56.23863410133752 -12.394209502573082),-12.3942095026,-56.2386341013,4,"Mato Grosso,Lucas do Rio Verde",Sequeiro,R6 (maturação fisiológica / physiological maturity),50,4. Boa / Good,26,17,18,30,15,14,22,18,16,33,29,18,14,31,17,18,32,16,18,29,f2dbd0f0-bcd2-4eac-a8eb-7c80a601b97d,3d9bb577-070b-45be-a9b0-8eb195d9d498,c7335c37-b286-4269-a95d-3f166f2d8d53,131.98454248366
33461bc4-e8b1-40d7-b3ff-cccad5f08a75,4,2026-05-07 23:03:59 UTC,,,Jhonatan Negreiros,SRID=4326;POINT(-56.25008151922799 -12.24964273820186),-12.2496427382,-56.2500815192,4,"Mato Grosso,Ipiranga do Norte",Sequeiro,R6 (maturação fisiológica / physiological maturity),50,4. Boa / Good,35,15,12,29,16,16,27,20,12,37,34,19,14,34,20,14,37,16,13,28,c0eb9278-1d8c-4cb2-8c9b-9d15d626a4a1,984018bb-6566-4b61-baf9-d142b4f0e01e,401e3711-9088-4314-a1d3-4293edb99527,148.455529411765
54cc7f04-9b0a-4e57-8012-fa748fafee53,4,2026-05-07 23:03:58 UTC,,,Jhonatan Negreiros,SRID=4326;POINT(-56.09581936391322 -12.251990948729677),-12.2519909487,-56.0958193639,4,"Mato Grosso,Ipiranga do Norte",Sequeiro,R5 (formação de dentes / dent),50,5. Excelente / Excellent,31,22,12,37,17,14,31,16,14,30,37,15,18,27,15,18,29,12,14,18,85adaa3d-c1a6-446f-bdda-fe74963b41c3,59968ea8-a31e-4da4-9aad-81ad6abcd13d,06619661-4c69-4c8c-a688-15967ccddf5a,145.626666666667
e4cee1c9-9963-435f-aded-64935376016b,4,2026-05-07 23:03:58 UTC,,,Jhonatan Negreiros,SRID=4326;POINT(-55.881168185622315 -12.30816301050212),-12.3081630105,-55.8811681856,4,"Mato Grosso,Sorriso",Sequeiro,R6 (maturação fisiológica / physiological maturity),50,5. Excelente / Excellent,30,17,16,35,16,16,34,15,12,35,32,17,18,34,17,16,25,18,14,38,34e86e73-c0c2-47ac-87c3-b72c44a638fd,764abfcd-9168-4eca-b92a-772ef8cde87a,c6e2e234-aa13-4987-83c4-d1e642399964,158.612209150327
07061441-0d68-4ca7-87e8-77cd525847dc,4,2026-05-07 23:03:57 UTC,,,Jhonatan Negreiros,SRID=4326;POINT(-55.81566906389423 -12.44891090504036),-12.448910905,-55.8156690639,4,"Mato Grosso,Sorriso",Sequeiro,R5 (formação de dentes / dent),50,4. Boa / Good,35,15,16,29,16,14,32,18,14,38,33,16,14,32,13,14,24,16,16,34,1ca11eb5-e6d5-4f57-bcd0-a2ab95e534f7,2ff5f915-a329-4a94-a053-ade289a39677,95f7c631-201c-49e3-8f5c-ab926f0528a8,156.464
105b415a-085f-42ad-8632-179a26aa6898,4,2026-05-06 22:32:36 UTC,,,Jhonatan Negreiros,SRID=4326;POINT(-55.60256460765515 -12.629097206218344),-12.6290972062,-55.6025646077,4,"Mato Grosso,Sorriso",Sequeiro,R6 (maturação fisiológica / physiological maturity),50,4. Boa / Good,32,17,16,35,16,16,32,13,14,26,30,14,14,26,13,14,22,8,14,16,66ed69f4-c4cf-466e-834e-3948d1dbe742,f241be66-b48c-4a3b-acb9-dc1eb013ad14,827acde6-fa2b-48fd-acc3-f74b7ef94259,118.504557734205
78f422ff-6041-447c-8936-7aa8a6132562,4,2026-05-06 22:32:35 UTC,,,Jhonatan Negreiros,SRID=4326;POINT(-55.529701234824515 -12.758230352786144),-12.7582303528,-55.5297012348,4,"Mato Grosso,Sorriso",Sequeiro,R6 (maturação fisiológica / physiological maturity),45,5. Excelente / Excellent,25,18,18,39,18,22,32,20,16,3,29,20,18,36,17,18,36,14,16,31,fb6cae99-1151-4bf6-9a51-bc76452d2681,d82f2756-470c-4b0b-a5a1-7598753e6fd0,07d8962d-7218-420f-96c2-750d3b9b73c3,158.675294117647
2a421588-65c1-4153-a28a-0141117d8d43,4,2026-05-06 22:32:35 UTC,,,Jhonatan Negreiros,SRID=4326;POINT(-55.47775224901178 -12.902700392275213),-12.9027003923,-55.477752249,4,"Mato Grosso,Sorriso",Sequeiro,R5 (formação de dentes / dent),65,5. Excelente / Excellent,46,18,14,35,18,14,38,18,16,35,45,18,16,37,16,16,34,15,14,31,40eb3198-819b-4a3f-a90f-9f0d0568f766,6f1c24f3-6427-4701-8501-faf7914615da,8b3aad19-44fb-4747-8a64-1c09a184eab6,183.029411764706
aa251009-8a4b-4e1a-b8a9-788ea36ae3b5,4,2026-05-06 22:32:34 UTC,,,Jhonatan Negreiros,SRID=4326;POINT(-55.40837198850814 -13.00746150910497),-13.0074615091,-55.4083719885,4,"Mato Grosso,Sorriso",Sequeiro,R6 (maturação fisiológica / physiological maturity),50,5. Excelente / Excellent,32,19,20,38,18,16,36,15,16,34,31,17,20,33,14,16,31,15,16,35,0af8fb08-1835-4243-90f9-14b93c554a18,cb87a0a8-60b5-42b9-b2f6-9f62b54b9dc3,a43f0efc-cb16-45e3-8591-a22025708e11,187.631294117647
675de434-c369-424f-a210-3463b5c1a5c9,4,2026-05-06 22:32:18 UTC,,,Jhonatan Negreiros,SRID=4326;POINT(-55.292007132194776 -13.284245793942608),-13.2842457939,-55.2920071322,4,"Mato Grosso,Nova Ubirata",Sequeiro,R6 (maturação fisiológica / physiological maturity),50,4. Boa / Good,29,17,16,34,15,16,33,16,16,32,28,17,16,33,16,18,29,12,18,23,eeb7a0ce-10d9-46fa-a482-302c8150cb06,07769fbd-fe74-405b-957f-8d419c1fb5b8,0efcf07f-de88-473e-adfd-a9faeffe304a,145.095424836601
7e474f24-4563-4fd3-b26e-0506be69182a,4,2026-05-06 22:32:18 UTC,,,Jhonatan Negreiros,SRID=4326;POINT(-55.23589221359516 -13.393437973938834),-13.3934379739,-55.2358922136,4,"Mato Grosso,Nova Ubirata",Sequeiro,R6 (maturação fisiológica / physiological maturity),50,5. Excelente / Excellent,34,20,14,37,20,14,39,19,14,39,31,17,16,33,17,12,34,16,14,28,66e07a60-bc82-4e53-883c-3e2aaad54a31,29510d5f-de93-4e94-a985-d5d861775f73,acd87a18-f914-4adc-ac19-2a9f281955b5,158.625490196078
22674d9c-53fd-4c1b-bc31-51442f99f926,4,2026-05-06 22:32:17 UTC,,,Jhonatan Negreiros,SRID=4326;POINT(-55.21600188692586 -13.273535426718437),-13.2735354267,-55.2160018869,4,"Mato Grosso,Nova Ubirata",Sequeiro,R5 (formação de dentes / dent),50,2. Ruim / Poor,33,15,16,28,9,14,17,7,14,12,27,5,10,8,11,14,16,6,8,12,387cb327-143e-44c2-93a1-4c2d401e7113,02b2ff10-c2c4-483a-8991-86e978f5062a,da0f06b8-4307-4417-b704-7659a8c7797d,58.6690196078431
148c4647-53b9-4f22-b645-644b5efcbbe9,4,2026-05-06 22:32:16 UTC,,,Jhonatan Negreiros,SRID=4326;POINT(-55.183947940603254 -13.159661951615714),-13.1596619516,-55.1839479406,4,"Mato Grosso,Nova Ubirata",Sequeiro,R6 (maturação fisiológica / physiological maturity),50,5. Excelente / Excellent,37,17,12,37,15,14,30,15,12,32,34,15,14,27,16,16,35,14,14,25,7712d5e4-850d-4f65-8456-98de70f5727f,ae30942f-af30-4a56-8d4c-7fa9ef936563,28a02513-26d6-4b8a-9785-bffcf9973870,149.81185620915
ebed0da4-d465-4628-bb93-005fb77aa091,4,2026-05-06 22:32:16 UTC,,,Jhonatan Negreiros,SRID=4326;POINT(-55.234203184432275 -12.76974876806333),-12.7697487681,-55.2342031844,4,"Mato Grosso,Vera",Sequeiro,R6 (maturação fisiológica / physiological maturity),50,4. Boa / Good,33,18,14,32,17,14,33,16,14,31,33,18,16,32,17,14,30,13,14,28,7f4a77a6-67b3-4dd5-9407-ba4bdbc359e1,56df8eb6-dd23-4d6d-ba3c-ede9ac227c17,05ea20ac-1ee1-4214-b4ac-bd4bea8c3ae2,146.054980392157
0cde6813-1431-4fca-bb10-459c7241f430,4,2026-05-06 22:32:15 UTC,,,Jhonatan Negreiros,SRID=4326;POINT(-55.19073220906331 -12.871678071108526),-12.8716780711,-55.1907322091,4,"Mato Grosso,Nova Ubirata",Sequeiro,R6 (maturação fisiológica / physiological maturity),50,5. Excelente / Excellent,32,16,14,29,16,14,35,18,16,37,30,18,18,40,17,14,31,16,16,31,3ed1edcf-1dec-43b9-bf19-f2b67f4769e0,e44684a4-85a5-4eba-95d2-2ef845a04213,1eb340a9-a0db-4c83-a339-e83bb1c34cc8,160.190440087146
3e7fe355-1eab-4384-9711-91d5f19a9813,4,2026-05-06 22:32:15 UTC,,,Jhonatan Negreiros,SRID=4326;POINT(-55.25369388056477 -12.996782041166906),-12.9967820412,-55.2536938806,4,"Mato Grosso,Nova Ubirata",Sequeiro,R5 (formação de dentes / dent),50,4. Boa / Good,30,17,14,38,15,16,36,16,20,38,30,16,18,35,12,16,25,14,16,30,9f27c574-fbc3-4847-a73e-d04a57a26feb,baa0f7d1-61cd-4d14-8fbe-324d893e9edd,ece233c7-e0ad-4b67-ad42-ac9b43c9a30f,167.673202614379
8282fc25-77bb-4862-96b4-c6abd38b68f4,4,2026-05-06 22:32:14 UTC,,,Jhonatan Negreiros,SRID=4326;POINT(-55.06097221752169 -13.067311607313405),-13.0673116073,-55.0609722175,4,"Mato Grosso,Nova Ubirata",Sequeiro,R6 (maturação fisiológica / physiological maturity),50,5. Excelente / Excellent,32,16,14,38,18,14,43,15,16,36,30,16,14,38,15,14,33,15,36,14,c882afce-fd41-4e0e-88fe-3fcda218bb34,6d4b8e52-405d-40cb-8ef3-77c67040e267,8ca95737-8e77-4ef5-9e3d-e91afd301da3,187.123294117647
ec66c928-e01f-4f84-a152-2078a8788163,5,2026-05-06 21:50:16 UTC,,,João Lopes,SRID=4326;POINT(-52.01827 -12.6925267),-12.6925267,-52.01827,5,"Mato Grosso,Querencia",Sequeiro,R5 (formação de dentes / dent),50,4. Boa / Good,33,16,14,32,14,12,30,15,12,32,33,14,12,30,13,14,26,9,14,18,2df715ab-f5a5-4a37-a364-4b8a85250c40,1147bd8e-7cf9-43ff-86e0-5b33ede3afff,899cc507-480d-4f61-a1e3-01922b23e24c,119.64894117647057
ed51d390-0c13-4f70-84ee-6c5bd00d114a,5,2026-05-06 21:48:31 UTC,,,João Lopes,SRID=4326;POINT(-52.0487217 -12.6404833),-12.6404833,-52.0487217,5,"Mato Grosso,Querencia",Sequeiro,R5 (formação de dentes / dent),50,4. Boa / Good,23,16,20,31,12,18,27,14,18,28,25,11,20,27,11,18,25,16,16,33,07f11bab-cc77-42aa-8a43-2a7597e2511c,164bd408-dd1b-4c76-9023-c247a3584312,2ba640ed-ee1f-4acc-a876-a7f987ef96b4,124.90823529411765
baa11bb3-d44b-4cbe-9a43-0793cd337598,5,2026-05-06 21:48:29 UTC,,,João Lopes,SRID=4326;POINT(-51.972585 -12.64262),-12.64262,-51.972585,5,"Mato Grosso,Querencia",Sequeiro,R4 (grão pastoso / dough),50,3. Média / Fair,21,14,18,31,12,16,27,15,14,34,23,13,14,30,13,16,31,15,16,35,3be1ce6d-55c9-4c4c-9330-16232a945ab6,f6f9429e-04e5-4073-9cab-d2ca56f86fe5,04831a64-5498-4a96-b848-51930a2acb71,107.57204357298474
456ee6df-b799-4875-beae-074fb26e43f9,5,2026-05-06 21:48:29 UTC,,,João Lopes,SRID=4326;POINT(-51.9426783 -13.229125),-13.229125,-51.9426783,5,"Mato Grosso,Ribeirao Cascalheira",Sequeiro,R6 (maturação fisiológica / physiological maturity),50,3. Média / Fair,26,14,14,34,13,14,32,13,14,32,29,12,14,25,11,16,25,12,16,30,eb796e09-484f-4f10-8d9b-dba9b8365a90,2bc05937-b51f-427e-8c4e-0bdcccdea982,0bf8f149-e580-4b43-af07-486c2ec2ce85,119.18631808278867
ff0ca090-b74d-4cc0-875e-0baabc39d68a,5,2026-05-06 21:48:28 UTC,,,João Lopes,SRID=4326;POINT(-51.9849633 -13.4605533),-13.4605533,-51.9849633,5,"Mato Grosso,Ribeirao Cascalheira",Sequeiro,R6 (maturação fisiológica / physiological maturity),45,4. Boa / Good,23,14,18,30,13,14,29,17,14,36,28,18,12,38,15,16,25,14,12,22,3c5d9447-70a6-4dd4-94b1-45d4d6d464f5,464ecc7f-93ac-41a1-9eee-eb72cfb7eb3f,f54d91cd-6bf3-4223-880a-193994a3c273,121.35555555555558
7b49d6e0-ac4b-4b9d-bc29-c8504f304d00,5,2026-05-06 21:48:28 UTC,,,João Lopes,SRID=4326;POINT(-52.090565 -13.4983383),-13.4983383,-52.090565,5,"Mato Grosso,Canarana",Sequeiro,R6 (maturação fisiológica / physiological maturity),45,4. Boa / Good,25,16,18,34,11,16,25,18,16,39,25,13,18,32,19,14,42,8,14,17,3f05ed9d-2cfa-4c71-b3d9-f2e779146397,428b99cc-6ecc-427b-a681-d26d88d9bdaa,7da4ddcf-d3a3-4808-8caa-c496e38a8516,139.45098039215688
6ca6f3eb-a64c-4081-a3c9-8cf0caec5a16,5,2026-05-06 21:48:27 UTC,,,João Lopes,SRID=4326;POINT(-52.2017817 -13.47052),-13.47052,-52.2017817,5,"Mato Grosso,Canarana",Sequeiro,R6 (maturação fisiológica / physiological maturity),45,4. Boa / Good,23,13,20,24,14,18,25,11,18,21,27,14,20,26,12,18,22,13,16,26,09cdf410-127b-47d1-8f94-5b71f2e00f8b,5db8c7d8-3f74-4bc2-a14d-532c68956905,c6451ba4-b52f-4ccb-b7e8-c78b16c2befa,121.74291938997818
efecb5da-2306-445d-b77c-1f89989b3c70,5,2026-05-06 21:48:26 UTC,,,João Lopes,SRID=4326;POINT(-52.2660417 -13.3593883),-13.3593883,-52.2660417,5,"Mato Grosso,Canarana",Sequeiro,R3 (grão leitoso / milk),45,4. Boa / Good,25,15,16,34,15,16,34,15,14,35,25,12,14,30,12,14,28,12,14,32,be642805-56c0-4714-825d-8dffae11deb0,e24a1a96-818c-4f58-99f6-9ab75c3cdb4b,7ccc1e9a-1f09-4bea-bfa6-9e93282129ed,130.53546356814329
6ba3be30-8094-4c60-af1c-41582b7da566,5,2026-05-06 21:48:26 UTC,,,João Lopes,SRID=4326;POINT(-52.2371267 -13.22662),-13.22662,-52.2371267,5,"Mato Grosso,Querencia",Irrigado,R2 (bolha d'agua / blister),50,4. Boa / Good,26,16,18,32,19,18,33,17,20,32,26,16,18,33,16,16,32,15,20,31,4db207ab-d7bc-4a48-95d2-2e4fb31766cd,b40e1056-0232-425c-92be-16977c56623b,ebb1946a-d125-447a-ad38-547edbefa386,152.72649237472763
b10b819c-ad4e-4af1-bfd0-1e7779b76074,5,2026-05-06 21:48:25 UTC,,,João Lopes,SRID=4326;POINT(-52.206975 -13.0876167),-13.0876167,-52.206975,5,"Mato Grosso,Querencia",Irrigado,R4 (grão pastoso / dough),50,4. Boa / Good,23,16,14,38,16,14,34,18,18,37,29,16,14,37,15,16,35,14,16,29,8cf6d9de-6fcc-4810-a717-60d80c076b5f,0a9e1cdd-52b6-46ac-bf33-98c34323bac6,5501756d-a876-45c7-8e80-28f761bc0ec4,138.98614379084967
1157f230-9f5e-4c28-b0ce-ac2c03e9faa1,5,2026-05-06 21:48:25 UTC,,,João Lopes,SRID=4326;POINT(-52.207415 -12.958975),-12.958975,-52.207415,5,"Mato Grosso,Querencia",Irrigado,R5 (formação de dentes / dent),45,5. Excelente / Excellent,26,18,16,33,17,16,33,18,16,34,26,18,16,34,18,16,34,15,16,28,30de8840-6641-4124-b408-e69c77a69a41,be83a804-a2ea-4653-aa79-1f3e869c6186,5b2c021b-8442-450b-bf51-ddd68d52b8c7,150.40046477850402
dad376b2-eaa4-47b6-ba57-6226476a2e76,5,2026-05-06 21:48:24 UTC,,,João Lopes,SRID=4326;POINT(-52.1836433 -12.8213417),-12.8213417,-52.1836433,5,"Mato Grosso,Querencia",Sequeiro,R4 (grão pastoso / dough),50,5. Excelente / Excellent,24,18,20,39,17,24,35,16,20,33,21,18,22,39,17,22,37,17,24,35,8fc4fa96-ebd0-42e6-b9b5-9173ba883b0e,93578a4f-36b7-48cd-b46f-435c6d811778,4c2d5aa8-85d1-440e-adca-e82dcbf52423,179.14470588235292
dd2c80be-89a0-441c-93f8-bdc5067e8db2,5,2026-05-06 21:48:24 UTC,,,João Lopes,SRID=4326;POINT(-52.195555 -12.67462),-12.67462,-52.195555,5,"Mato Grosso,Querencia",Sequeiro,R4 (grão pastoso / dough),45,5. Excelente / Excellent,27,13,22,26,15,18,33,16,20,36,25,13,16,32,17,14,37,11,18,22,d03ea784-7a09-4bc6-a4a9-d67462183f5e,d546a3f6-1073-46b0-8682-c87db761e7b5,645c96bd-c628-4ef1-b0ae-20a6de34f185,160.5678431372549
fd0d8ea8-6262-4a3b-a82d-51da8834a464,5,2026-05-06 21:48:23 UTC,,,João Lopes,SRID=4326;POINT(-52.4911767 -12.6996817),-12.6996817,-52.4911767,5,"Mato Grosso,Querencia",Sequeiro,R4 (grão pastoso / dough),45,4. Boa / Good,27,13,18,26,13,18,30,13,18,29,27,12,14,28,11,16,23,17,16,32,e862e9c3-fe56-4fd4-b95e-e21316d27d9a,a63fa545-059b-4c66-b017-8f7537257bca,99142084-1880-47d7-8f50-1cd92dd1fa0b,139.45098039215688
9a22a6db-5369-44d6-a90a-8d5a5939a489,5,2026-05-06 21:48:22 UTC,,,João Lopes,SRID=4326;POINT(-52.48277 -12.5846633),-12.5846633,-52.48277,5,"Mato Grosso,Querencia",Sequeiro,R4 (grão pastoso / dough),50,4. Boa / Good,21,14,18,28,14,18,26,14.5,18,29,28,15,28,14,12,18,24,13.5,18,31,c7876127-74d0-44d5-a517-1344b3a8b9f4,5c42729b-ab75-4430-a98f-55a5919dc0d6,bf41a990-ef9c-4dda-b4b5-31261ad4780e,121.58576034858388
c2cdda56-90ff-46f9-b728-cda2dd3dc2b9,5,2026-05-06 21:48:22 UTC,,,João Lopes,SRID=4326;POINT(-52.4007233 -12.552645),-12.552645,-52.4007233,5,"Mato Grosso,Querencia",Sequeiro,R3 (grão leitoso / milk),45,3. Média / Fair,19,10,16,24,13,16,28,10,16,24,21,13,16,28,8,14,15,13,16,25,3afabdd7-488e-4b16-8e5e-881c07d99d6d,5e407798-9eff-4e55-922b-b2f60636aa1c,584f35d2-e07f-4bfc-8380-e39613bc7679,83.22788671023964
bd04f4dc-3c6a-42c7-9370-611801c4a8c3,5,2026-05-06 21:48:21 UTC,,,João Lopes,SRID=4326;POINT(-52.4909217 -12.1361117),-12.1361117,-52.4909217,5,"Mato Grosso,Querencia",Sequeiro,R3 (grão leitoso / milk),50,3. Média / Fair,30,18,12,36,15,12,32,15,14,26,26,12,16,26,17.5,14,33,18,14,32,048b9199-2672-4c08-bbc5-954649d3ea7b,540c9bd6-499f-46f4-b036-2fdc1161de2b,232a1617-f5f0-4b04-a838-3ff27e7f2b3d,117.52618736383441
d958eb93-ec41-4ead-8ba8-d234ccf36cc1,5,2026-05-06 21:48:20 UTC,,,João Lopes,SRID=4326;POINT(-52.4395717 -12.2956967),-12.2956967,-52.4395717,5,"Mato Grosso,Querencia",Sequeiro,R5 (formação de dentes / dent),45,3. Média / Fair,25,12,16,28,11,14,22,13.5,16,29,24,11,12,22,15,16,34,13.5,18,26,64f7ff35-33fe-4b9e-b8ec-82710a4264d2,b9d72393-99fa-446e-8d3a-25ade6d8085d,85bb8352-4daa-44b5-8283-467e6fc14e52,111.56508835633016
bb775083-5f9e-4b77-96e4-b5c5ffc76436,5,2026-05-06 21:48:20 UTC,,,João Lopes,SRID=4326;POINT(-52.3153833 -12.377195),-12.377195,-52.3153833,5,"Mato Grosso,Querencia",Sequeiro,R5 (formação de dentes / dent),45,5. Excelente / Excellent,24,12,16,27,13.5,18,29,14,20,28,25,14.5,16,30,15,18,36,17.5,18,35,b61abc7f-0f3a-4aa9-8e88-73ffed4ca6a8,5ad3116a-5367-4bd7-bb92-f4d487b6841e,c2b43be0-f26b-44a4-bc60-758c238186cd,147.7039820866618
10f4ce31-d973-4879-8fb2-dd175a965895,5,2026-05-06 21:48:19 UTC,,,João Lopes,SRID=4326;POINT(-52.305745 -12.5344217),-12.5344217,-52.305745,5,"Mato Grosso,Querencia",Sequeiro,R6 (maturação fisiológica / physiological maturity),50,5. Excelente / Excellent,27,14,12,31,18,14,36,18,18,34,32,15,16,30,15.5,16,32,12.5,16,26,61ab93cc-3fa7-467d-a78a-12fc1db17341,15a4a611-d212-40de-984e-af7b6f7994b7,f057dbfd-deec-4edd-b466-363a94dd83e7,141.92623529411765
d159b800-130f-4b4d-8f1d-8a4d74765f2b,4,2026-05-06 20:36:15 UTC,,,Jhonatan Negreiros,SRID=4326;POINT(-55.33874582074934 -13.145340486525685),-13.1453404865,-55.3387458207,4,"Mato Grosso,Sorriso",Sequeiro,R6 (maturação fisiológica / physiological maturity),50,5. Excelente / Excellent,36,18,16,38,16,18,30,15,16,33,35,15,16,31,14,14,28,14,16,38,842b8a5a-a8bd-4ea3-9284-630100f925d4,045df13e-b9e9-4654-ae7c-93dd5f593f18,73031149-d647-4761-a37c-2193762de112,186.704941176471
59837890-b514-4e1b-afc0-7bc015bfb521,4,2026-05-06 17:39:15 UTC,,,Jhonatan Negreiros,SRID=4326;POINT(-54.94482586165419 -12.980251922284234),-12.9802519223,-54.9448258617,4,"Mato Grosso,Nova Ubirata",Sequeiro,R6 (maturação fisiológica / physiological maturity),50,5. Excelente / Excellent,29,15,14,37,17,14,41,14,16,33,27,15,12,35,12,14,27,11,16,29,8b1e4ec7-9af1-41d9-849b-f30dad0b1d14,e9354007-f246-4b50-8dca-53e415e90ffb,4dfc5562-9d3f-4f9b-9855-89943ede95aa,134.585690631808
fabad8ee-eae6-4293-a71a-f14d4cf0f620,4,2026-05-06 17:39:15 UTC,,,Jhonatan Negreiros,SRID=4326;POINT(-54.838395975581214 -12.88715047762998),-12.8871504776,-54.8383959756,4,"Mato Grosso,Nova Ubirata",Sequeiro,R4 (grão pastoso / dough),45,4. Boa / Good,32,14,20,32,14,20,33,13,16,32,33,13,16,34,12,16,35,12,16,26,f05eae7a-6837-402c-99c4-6b6a37ae4551,3d829a7c-0fde-47ad-b63b-b99a53e1759a,12c14061-b1b4-4ef5-9f8e-3bbfbc2b152b,199.510820624546
f5e56696-0b20-4d58-ad51-a2a9e706b061,4,2026-05-06 17:39:14 UTC,,,Jhonatan Negreiros,SRID=4326;POINT(-54.745271019688566 -12.69567972981622),-12.6956797298,-54.7452710197,4,"Mato Grosso,Nova Ubirata",Sequeiro,R6 (maturação fisiológica / physiological maturity),50,4. Boa / Good,25,18,14,42,15,16,40,17,16,39,27,14,14,33,11,16,28,15,14,34,03fdf233-0dcb-41cc-b200-e0a7ab192b29,d47c4004-bc45-41cb-8e42-aaca69b144b5,e9772aa1-6781-401f-ba44-d22b03c17086,139.849411764706
cbce3770-c896-4ebd-8879-958950753101,4,2026-05-06 17:39:14 UTC,,,Jhonatan Negreiros,SRID=4326;POINT(-54.81739561490276 -12.540337703739672),-12.5403377037,-54.8173956149,4,"Mato Grosso,Feliz Natal",Sequeiro,R5 (formação de dentes / dent),50,4. Boa / Good,30,15,14,37,16,14,37,14,18,35,32,17,16,37,11,16,22,13,14,32,14cb1f67-c079-43cb-8987-e6abfe85d1c5,e63a3d35-1bef-4771-83fe-338051077377,7d1cb717-9157-449d-b2e1-190ea9ac4524,157.823093681917
31492bec-01ff-4c0a-8d07-4958ca129be7,4,2026-05-06 17:39:13 UTC,,,Jhonatan Negreiros,SRID=4326;POINT(-54.921587118930105 -12.434870819572764),-12.4348708196,-54.9215871189,4,"Mato Grosso,Feliz Natal",Sequeiro,R6 (maturação fisiológica / physiological maturity),50,4. Boa / Good,32,18,16,28,17,14,36,19,16,38,35,17,16,31,17.5,16,33,16,18,29,e19dda2a-8316-4ab1-ac7a-9289e233c532,06916c9e-90f1-4880-bbd5-a8fd2202d485,33658572-57d8-4b9c-9e46-fa48aee28429,173.516862745098
2938d464-87ca-42ac-a350-16040b41e73a,4,2026-05-06 14:12:19 UTC,,,Jhonatan Negreiros,SRID=4326;POINT(-55.099068613851884 -12.235672872438206),-12.2356728724,-55.0990686139,4,"Mato Grosso,Feliz Natal",Sequeiro,R4 (grão pastoso / dough),50,2. Ruim / Poor,23,17,14,37,16,14,40,16,16,35,27,16,14,39,12,12,26,10,12,23,faa0e0f3-d63c-4c5d-a1a7-c61c544c7811,ad4273ed-a09e-4ace-bb99-6d5a26a23443,d616c9e7-25a1-496a-9859-25e245290177,113.442265795207
ad2b31ac-2ff8-4445-b145-0345f6dcdfda,4,2026-05-06 14:12:18 UTC,,,Jhonatan Negreiros,SRID=4326;POINT(-55.242884990522406 -12.261457751794332),-12.2614577518,-55.2428849905,4,"Mato Grosso,Feliz Natal",Sequeiro,R6 (maturação fisiológica / physiological maturity),50,4. Boa / Good,28,17,14,38,16,13,37,14,14,35,29,11,16,20,11,14,21,12,12,27,ecc09bec-53ee-4f6e-a4ae-5b64ce248aa7,c6c1dd0c-ff55-4b24-a914-29c2d40c8089,8a664065-aae9-46da-a1d3-980ce8e0741a,116.502163398693
14d5df09-3a69-41af-8e9d-91762cb80237,4,2026-05-06 14:11:24 UTC,,,Jhonatan Negreiros,SRID=4326;POINT(-55.005794258802894 -12.341190287971436),-12.341190288,-55.0057942588,4,"Mato Grosso,Feliz Natal",Sequeiro,R6 (maturação fisiológica / physiological maturity),50,4. Boa / Good,32,18,14,34,16,16,33,15,16,29,34,15,14,32,14,16,27,13,16,26,a57c8d05-ddbb-43ea-85d6-54e863e7b154,73fc1239-b824-4bf1-9908-ae4f68bfcba2,981847e2-5977-4b19-a087-b08a54acb290,152.044732026144
c72f7976-b6f1-4ee1-8d80-dd108326e017,4,2026-05-06 13:17:47 UTC,,,Jhonatan Negreiros,SRID=4326;POINT(-55.308212925499554 -12.072050076048525),-12.072050076,-55.3082129255,4,"Mato Grosso,Santa Carmem",Sequeiro,R6 (maturação fisiológica / physiological maturity),50,4. Boa / Good,32,17,14,41,16,16,34,15,16,29,31,13,16,23,14,14,31,9,14,14,d797142b-1f5b-4346-b3b4-a11ca0fb4964,8dad05d1-8c18-4cdf-aefc-1fdedde0221e,9d952b21-ff64-4e2a-ac8b-1ed304251c5f,134.918823529412
84687d15-9f7e-4182-a684-cd64f18f6254,4,2026-05-06 13:17:46 UTC,,,Jhonatan Negreiros,SRID=4326;POINT(-55.16672791362549 -12.003379611511775),-12.0033796115,-55.1667279136,4,"Mato Grosso,Santa Carmem",Irrigado,R5 (formação de dentes / dent),50,5. Excelente / Excellent,30,17,20,35,17,22,38,16,22,34,32,15,26,34,17,22,39,13,22,27,152c517a-59a1-4357-b1e2-1af332c2b06f,99a8656b-eddb-4a06-9bcd-43087f59cdaa,bccd5751-3f96-4008-922d-14f86edfa52e,237.91831372549
ee992b8a-170d-4abb-a07f-13ff6b4f3127,4,2026-05-06 13:16:53 UTC,,,Jhonatan Negreiros,SRID=4326;POINT(-55.32992946406809 -12.20211734720109),-12.2021173472,-55.3299294641,4,"Mato Grosso,Vera",Sequeiro,R6 (maturação fisiológica / physiological maturity),50,5. Excelente / Excellent,30,14,18,29,15,16,36,14,18,30,30,14,20,31,12,18,26,13,18,31,594dbe4f-bd77-4693-aab5-7cbb0b04bf79,dd3523ed-dd55-4810-a576-77af0187675a,33823bca-12cd-4804-8060-b4362333cccc,164.054117647059
ac10430c-8e41-499f-aef3-20f0d1e078ee,4,2026-05-06 12:21:23 UTC,,,Jhonatan Negreiros,SRID=4326;POINT(-55.27767213496858 -11.993863153140891),-11.9938631531,-55.277672135,4,"Mato Grosso,Santa Carmem",Sequeiro,R6 (maturação fisiológica / physiological maturity),50,4. Boa / Good,30,17,16,38,16,14,37,17,14,38,29,15,18,35,13,14,33,12,16,30,4e8fc2a7-9d76-4fc9-9358-5a88a58ed443,8a62b2f3-8040-473e-b136-0cdce2be86a2,451ee3e1-ed1b-4acd-a52c-e2a8654346ad,158.446749455338
c5a44011-c080-4f01-a066-d2756cebe936,4,2026-05-06 12:05:41 UTC,,,Jhonatan Negreiros,SRID=4326;POINT(-55.353612964822005 -11.871920364239678),-11.8719203642,-55.3536129648,4,"Mato Grosso,Sinop",Sequeiro,R6 (maturação fisiológica / physiological maturity),50,5. Excelente / Excellent,36,17,14,34,17,12,37,16,16,30,37,15,16,31,14,14,27,15,14,31,f6a81354-c194-4230-92c4-09cbfcd22ea0,e7178148-c983-445e-920e-f957d88895b8,4799241b-e924-4056-98cd-67624a9d43fd,165.019760348584
affdcdd3-c473-4c28-8bd5-6bb132c82621,4,2026-05-05 23:12:11 UTC,,,João Lopes,SRID=4326;POINT(-56.67466443732857 -11.814986147557343),-11.8149861476,-56.6746644373,4,"Mato Grosso,Porto dos Gauchos",Sequeiro,R6 (maturação fisiológica / physiological maturity),50,5. Excelente / Excellent,33,15,16,35,18,12,39,15,16,29,29,16,16,32,16,16,35,13,12,26,4d8207f5-ad23-4c80-aea8-c35711f6fbe3,62141b46-e77b-4d71-825b-6405eac97a0d,9d4641df-3786-4635-9e5c-54615f279d20,147.9419956427015
13a11b92-1e13-4f33-91c0-7a2d2050277d,4,2026-05-05 21:44:15 UTC,,,Jhonatan Negreiros,SRID=4326;POINT(-56.03270278522532 -11.905592783069983),-11.9055927831,-56.0327027852,4,"Mato Grosso,Ipiranga do Norte",Sequeiro,R6 (maturação fisiológica / physiological maturity),50,5. Excelente / Excellent,31,18,12,37,19,12,37,22,12,39,33,20,12,41,15,12,28,16,12,33,61291de5-6981-47ea-a65e-ba14889857ab,cc2c36f5-5d1a-43cd-8a22-1e993d6f1be0,2f6d7617-bbe9-4081-bc81-205446a55f46,137.060392156863
026e0f30-0fbe-4d5c-82da-d42d7e77e7ff,4,2026-05-05 20:48:01 UTC,,,Jhonatan Negreiros,SRID=4326;POINT(-55.60043528036061 -11.801740478239681),-11.8017404782,-55.6004352804,4,"Mato Grosso,Sinop",Sequeiro,R5 (formação de dentes / dent),60,4. Boa / Good,30,16,18,31,17,16,33,16,16,29,36,18,18,35,12,16,16,8,12,17,4ff0e95f-2bcf-43e8-a51a-88ae2d7e8a54,67c67a9c-cce1-439d-8218-8c578f7a6b71,422da815-28b1-41a6-b8fa-ccf87cac8625,117.603660130719
c0965074-03f6-43cb-b65f-bebab96fea8d,4,2026-05-05 20:48:01 UTC,,,Jhonatan Negreiros,SRID=4326;POINT(-55.541235789129765 -11.680944784146126),-11.6809447841,-55.5412357891,4,"Mato Grosso,Sinop",Sequeiro,R5 (formação de dentes / dent),50,5. Excelente / Excellent,29,14,18,32,18,16,36,22,16,41,28,22,20,38,15,16,38,18,16,38,650501b1-0786-4c49-948f-5c3e0ec62896,2e873c3f-eacb-49fc-a0f4-aec7a31de0c0,2cdfe1a5-751b-4063-9f34-acfdbc46d24c,179.366333333333
7487329f-b0a2-48d1-84f4-74081767fe37,4,2026-05-05 20:48:00 UTC,,,Jhonatan Negreiros,SRID=4326;POINT(-55.65718664606231 -11.66900488312018),-11.6690048831,-55.6571866461,4,"Mato Grosso,Sinop",Sequeiro,R4 (grão pastoso / dough),60,5. Excelente / Excellent,35,15,18,33,17,18,40,15,18,37,38,14,18,32,16,22,33,14,20,29,7f4eb040-a66a-40c7-90a9-e8b955e02b3d,c0b9cc5c-d129-4ee3-8fa7-27550f7d01cc,3943de02-99d4-486c-9fb9-5fc14451b744,195.721111111111
101d80f7-9c20-46f4-9177-3c190524e17a,4,2026-05-05 20:48:00 UTC,,,Jhonatan Negreiros,SRID=4326;POINT(-56.00868411121925 -11.624093477616844),-11.6240934776,-56.0086841112,4,"Mato Grosso,Tabapora",Sequeiro,R6 (maturação fisiológica / physiological maturity),48,5. Excelente / Excellent,28,15,18,28,17,16,32,16,16,32,26,18,14,36,17,16,38,16,14,34,48391428-9ece-444a-88d8-803c01b91c93,84bf8d7e-93c0-460c-a780-51fb80554994,26fd0cc9-f20d-4566-b36d-a81be1704712,146.299019607843
a4e4afd5-78ea-4407-81c7-2450344ac530,4,2026-05-05 20:47:59 UTC,,,Jhonatan Negreiros,SRID=4326;POINT(-55.854770749033044 -11.608148107866118),-11.6081481079,-55.854770749,4,"Mato Grosso,Tabapora",Sequeiro,R6 (maturação fisiológica / physiological maturity),48,3. Média / Fair,28,12,16,25,12,16,27,15,16,34,29,13,16,28,8,18,15,10,16,21,34920145-95a8-4424-8af9-b8fdbf0839b1,5d0f3169-561e-45fb-8e6a-8591dcabcd4f,075974c1-cad3-4a2d-b603-e77672ef8f2b,120.748570261438
3500c5df-9601-460e-af33-9bf3b5319a3c,4,2026-05-05 20:47:58 UTC,,,Jhonatan Negreiros,SRID=4326;POINT(-56.18602718888857 -11.641201196401575),-11.6412011964,-56.1860271889,4,"Mato Grosso,Tabapora",Sequeiro,R5 (formação de dentes / dent),48,5. Excelente / Excellent,28,20,14,39,20,14,39,22,18,38,30,22,14,41,20,14,37,19,16,39,9dd381b0-a814-43e5-aa1c-4e5e5675e7dc,b8c22211-582d-4c38-a555-43502b4f557e,af70ced1-457f-405f-9f67-b7f6b81f3cf3,175.273488562092
e8434415-06c0-4f9f-af95-d5f5039653f2,4,2026-05-05 20:47:57 UTC,,,Jhonatan Negreiros,SRID=4326;POINT(-56.36093345645029 -11.571936448037823),-11.571936448,-56.3609334565,4,"Mato Grosso,Tabapora",Sequeiro,R6 (maturação fisiológica / physiological maturity),50,3. Média / Fair,32,14,14,35,14,16,25,14,14,28,32,12,14,29,11,14,25,13,14,31,8696d34b-0940-43f8-99f2-8b79f93e12fe,e5663b44-7cce-40ef-ac0a-1069f9a8a4fc,63c7339b-0a10-4488-8a07-935956dc39d3,131.730265795207
7809a4d1-9a0f-4387-b87f-4a88dfe5f058,4,2026-05-05 20:47:56 UTC,,,Jhonatan Negreiros,SRID=4326;POINT(-56.548894381831005 -11.558997226774633),-11.5589972268,-56.5488943818,4,"Mato Grosso,Tabapora",Sequeiro,R5 (formação de dentes / dent),48,5. Excelente / Excellent,27,15,22,40,17,21,37,18,22,34,28,16,22,37,18,24,38,17,22,37,26e707b9-3082-40ce-8705-7d40bda29ac9,65efb4f6-96a0-46e0-8878-8c4135a0206c,80a53901-9f12-41f9-9e1e-8681634ecbfc,235.076383215323
f18fd7fd-b2e7-4bff-9d75-1e44796e27dd,4,2026-05-05 20:47:56 UTC,,,Jhonatan Negreiros,SRID=4326;POINT(-56.85662938311101 -11.532855764608488),-11.5328557646,-56.8566293831,4,"Mato Grosso,Tabapora",Sequeiro,R5 (formação de dentes / dent),45,4. Boa / Good,26,16,16,31,15,16,31,13,18,26,29,15,16,33,16,18,32,12,14,28,b51ff9c5-c0d9-4765-89e3-3caa22084375,cddd8773-2e8a-479e-9a4d-a564bdf5c9da,2467d545-1f59-481d-a095-4f15686d3bc7,149.963604454127
1c29f639-8096-445e-8328-a51072fb343d,4,2026-05-05 20:47:55 UTC,,,Jhonatan Negreiros,SRID=4326;POINT(-57.204121568064444 -11.642580622605655),-11.6425806226,-57.2041215681,4,"Mato Grosso,Porto dos Gauchos",Sequeiro,R5 (formação de dentes / dent),45,4. Boa / Good,29,16,16,35,16,18,24,19,16,37,25,13,18,27,16,14,39,16,16,33,bb6862b5-1a6b-4216-868d-2be44055f10c,bb55066b-b845-4dd8-91a6-44c9dc971b7c,9be81579-c2bb-4031-920b-60f4e2d589b6,158.625490196078
d2020357-b848-426f-95f1-ec4551ffc937,4,2026-05-05 20:47:55 UTC,,,Jhonatan Negreiros,SRID=4326;POINT(-57.039825482134304 -11.721998494721078),-11.7219984947,-57.0398254821,4,"Mato Grosso,Porto dos Gauchos",Sequeiro,R6 (maturação fisiológica / physiological maturity),50,4. Boa / Good,30,14,18,27,12,16,25,12,18,28,29,12,14,25,15,16,32,15,18,35,a587078a-42be-4c3c-9d39-17bd00ac6a78,dff88a17-effb-47fe-94cb-862db7fb3730,fd1c72cc-f5be-4a7d-9fa0-bcc1e1473a25,140.391721132898
17cbfbba-bec0-42ed-b89d-014acde08e67,4,2026-05-05 20:47:54 UTC,,,Jhonatan Negreiros,SRID=4326;POINT(-56.870089352853626 -11.70796691870537),-11.7079669187,-56.8700893529,4,"Mato Grosso,Porto dos Gauchos",Sequeiro,R5 (formação de dentes / dent),45,2. Ruim / Poor,28,14,14,32,8,16,15,7,15,13,29,7,8,9,8,12,14,11,16,23,8068ff94-b6d7-4f1a-b80b-4ec1fae1384f,5c4b891a-7b00-4fd1-b463-dbd0d02ed8f9,ef91e8c0-886d-4a98-b486-592bfade6585,75.2288235294118
14969f5d-2132-491c-95ad-7f3d5f04f2cc,4,2026-05-05 20:47:37 UTC,,,Jhonatan Negreiros,SRID=4326;POINT(-56.559637431339546 -11.891968916775715),-11.8919689168,-56.5596374313,4,"Mato Grosso,Porto dos Gauchos",Sequeiro,R4 (grão pastoso / dough),50,5. Excelente / Excellent,30,20,16,38,13,16,24,21,18,39,29,19,18,37,18,14,36,13,16,24,26a075a2-10f6-4190-a3c7-f66d08e0c919,387e0d36-6b8f-4a0d-aaa3-7e0d48a3348f,7b0ef4e3-af8b-4766-9176-357046d1180b,158.381450980392
1f1d8df7-6ff4-49eb-a557-7ce73702d442,4,2026-05-05 20:47:36 UTC,,,Jhonatan Negreiros,SRID=4326;POINT(-56.48910914530594 -11.981267867995628),-11.981267868,-56.4891091453,4,"Mato Grosso,Porto dos Gauchos",Sequeiro,R4 (grão pastoso / dough),50,5. Excelente / Excellent,29,18,16,38,20,16,36,15,18,33,25,19,18,39,17,18,35,18,14,38,1d32f209-d144-457c-83d8-917cdebfa342,ed42e39b-0adc-4fdd-8a37-1b04d4b67a98,04803871-880a-49d6-bc79-776a43693813,163.605882352941
1250257e-0dff-419e-a3c5-441d7a228e0f,4,2026-05-05 20:47:36 UTC,,,Jhonatan Negreiros,SRID=4326;POINT(-56.36499783198941 -11.959981574345962),-11.9599815743,-56.364997832,4,"Mato Grosso,Porto dos Gauchos",Sequeiro,R6 (maturação fisiológica / physiological maturity),60,5. Excelente / Excellent,37,16,18,32,16,18,30,16,16,30,40,16,18,32,16,18,31,14,13,28,c1b04f93-8620-4e06-8640-54999fb0b0cc,f1c50b48-a6bf-40e8-943d-9ca607f64b3a,818644a2-798c-41f2-835c-f89e08a8ec7d,164.075215141612
f226142d-778a-4cd7-bf4c-7a2527c5d8f2,4,2026-05-05 20:47:35 UTC,,,Jhonatan Negreiros,SRID=4326;POINT(-56.1726324818176 -11.935041308081184),-11.9350413081,-56.1726324818,4,"Mato Grosso,Ipiranga do Norte",Sequeiro,R6 (maturação fisiológica / physiological maturity),48,5. Excelente / Excellent,27,12,14,27,13,16,34,20,18,39,25,18,18,31,19,16,39,13,16,31,411853bc-7c52-4df6-b1c4-e0507d8c4b36,284384e5-6391-49a1-9a70-e2d299a3b538,bab54f19-0a0a-4165-940b-c88af4df51c4,147.609831154684
833fc3a0-55b0-47a2-b6fc-09a28ed7384d,4,2026-05-05 20:47:34 UTC,,,Jhonatan Negreiros,SRID=4326;POINT(-55.89848670835385 -11.88918229594158),-11.8891822959,-55.8984867084,4,"Mato Grosso,Sinop",Sequeiro,R5 (formação de dentes / dent),48,5. Excelente / Excellent,27,17,16,35,17,16,41,17,16,44,27,17,12,44,14,14,36,16,14,34,b28c63c1-1921-47a6-b513-a1f94ffcd500,de619559-c2bd-46af-a392-8a55b046622a,a4fda7c1-57a5-4249-8bf6-436ab5cf3d4d,160.244117647059
f6b025d4-a8ca-44a6-9bbe-cd9d45147cb4,4,2026-05-05 20:47:33 UTC,,,Jhonatan Negreiros,SRID=4326;POINT(-55.74253631446509 -11.90513754091856),-11.9051375409,-55.7425363145,4,"Mato Grosso,Sinop",Sequeiro,R6 (maturação fisiológica / physiological maturity),45,5. Excelente / Excellent,28,17,16,37,18,18,36,17,20,33,32,14,16,29,14,16,30,14,18,34,b665db83-e6c1-400d-ad6f-546e4e2a5f6e,fbc02bad-b764-4f74-82a4-a37a2a16f6d9,9b1df1a6-166a-4364-8c8e-eadaf7c54c9c,190.878140885984
b5a07172-2363-4f04-a8ce-b33911ade663,4,2026-05-05 20:47:33 UTC,,,Jhonatan Negreiros,SRID=4326;POINT(-55.609575148000744 -11.882784751953896),-11.882784752,-55.609575148,4,"Mato Grosso,Sinop",Sequeiro,R5 (formação de dentes / dent),50,5. Excelente / Excellent,31,11,12,25,15,12,35,10,14,22,29,11,14,26,12,16,27,13,14,30,70d5f85a-4f94-4b00-9272-883ff94eab01,8f949268-15e4-4e0e-910d-6ec79edb135d,4acfd7d0-dc53-4e40-ac36-6beb50e9fe68,112.307843137255
64bd7a60-f693-448d-9914-8bb4f55f51f9,5,2026-05-05 20:38:03 UTC,,,João Lopes,SRID=4326;POINT(-52.5208917 -12.8346467),-12.8346467,-52.5208917,5,"Mato Grosso,Querencia",Sequeiro,R5 (formação de dentes / dent),50,4. Boa / Good,29,15,16,27,17,16,32,14,16,27,31,16.5,16,33,14,16,26,15,16,30,871e1e60-4007-476f-8c5b-a6622bd570e2,adb0396e-123f-4309-82e1-93a39956f46a,66964a5f-4477-4e15-97f5-746469d59abc,139.45098039215688
6bfc19c1-37fb-4ede-800a-4aa7ac955d54,5,2026-05-05 20:38:03 UTC,,,João Lopes,SRID=4326;POINT(-52.4939309 -13.0143001),-13.0143001,-52.4939309,5,"Mato Grosso,Canarana",Sequeiro,R3 (grão leitoso / milk),50,3. Média / Fair,26,16,16,34,14,16,32,16,18,30,25,15,14,35,16,16,34,15,18,34,03e27ff9-09cd-4675-bb17-e8c18fc3002d,12f15b2d-be30-447a-877b-86898ab086d7,53efb4a5-7eb9-4a4f-a99d-cfbbc78da4cb,137.59744444444442
1b9f3cc2-130e-4f7b-be47-5709ad257b77,5,2026-05-05 20:38:02 UTC,,,João Lopes,SRID=4326;POINT(-52.421215 -13.19591),-13.19591,-52.421215,5,"Mato Grosso,Canarana",Sequeiro,R4 (grão pastoso / dough),50,3. Média / Fair,21,16,14,34,16,14,34,15,18,33,27,15,32,18,9,14,21,16,18,35,0cfd6afe-c236-4a05-a514-4a84a2838445,003eac26-4b16-4fa5-89b3-6aa8d34ae22e,9e9dfdb1-68f2-48e0-a2b6-7075bd7085ca,127.83006535947712
1d784249-9d2d-4c19-a3f9-dbcc366234d4,5,2026-05-05 20:38:02 UTC,,,João Lopes,SRID=4326;POINT(-52.3686733 -13.3487817),-13.3487817,-52.3686733,5,"Mato Grosso,Canarana",Sequeiro,R3 (grão leitoso / milk),50,4. Boa / Good,28,15,18,24,13,16,32,13,18,26,28,14,14,25,14,16,27,14,16,29,e2523806-3cce-4b1b-a438-2646b201965b,0a5f9995-2305-440e-bd63-d06e0c1d934f,ac1d56d7-3bfc-4651-9a3c-8bb076adae75,123.75499782135076
0133d7b2-ef76-4a59-80bc-d59b6191db31,5,2026-05-05 20:38:01 UTC,,,João Lopes,SRID=4326;POINT(-52.3117517 -13.4783983),-13.4783983,-52.3117517,5,"Mato Grosso,Canarana",Sequeiro,R6 (maturação fisiológica / physiological maturity),45,5. Excelente / Excellent,21,15,16,32,15,34,20,15,18,31,21,15.5,20,36,15.5,18,39,15,18,37,09fa764e-5337-44fc-8229-32351d23287d,2c5b684b-2922-4841-9179-111cbe0ed949,05d16fe2-6ad4-4a44-8b4e-42d038ba4a35,156.10762527233115
af8869d2-49f3-460f-8763-9c019706eb85,5,2026-05-05 15:48:49 UTC,,,João Lopes,SRID=4326;POINT(-52.3908883 -13.5175917),-13.5175917,-52.3908883,5,"Mato Grosso,Canarana",Sequeiro,R5 (formação de dentes / dent),45,4. Boa / Good,27,14.5,20,30,12,16,29,14,18,30,27,12,18,25,16,16,36,12.5,18,29,fd954a60-3ac1-4dab-8c8b-ed7ec5f2ab56,2b64c9c0-4b67-4bd3-8a05-97673bd01b54,d22982db-3a10-4793-a105-3b91799565b8,157.49660130718954
2b29953c-6bbd-459a-a292-b4b43b7a775d,5,2026-05-05 15:48:49 UTC,,,João Lopes,SRID=4326;POINT(-52.55054 -13.5619617),-13.5619617,-52.55054,5,"Mato Grosso,Canarana",Sequeiro,R4 (grão pastoso / dough),45,3. Média / Fair,24,13,16,35,15,18,32,12,14,30,26,13,14,32,14,16,35,13.8,16,34,601395bc-b4b6-4bb0-95f8-ceb64a2d4e19,3b839d9e-ab6c-4651-942c-a76566d69ffd,87833ab0-f1c8-4648-a508-4efec127952a,143.0479302832244
2a04934a-0134-451f-9805-3a478da83f4d,5,2026-05-05 15:48:48 UTC,,,João Lopes,SRID=4326;POINT(-52.53988 -13.45979),-13.45979,-52.53988,5,"Mato Grosso,Canarana",Sequeiro,R3 (grão leitoso / milk),45,4. Boa / Good,24,11,16,24,14,16,34,15,14,15,25,15,14,33,12.5,14,36,11,16,26,b9bac380-2d17-49d6-bf39-26fbb5fd68eb,be0f15ef-3942-4dd7-b944-2e1511cc28f3,622b8136-8a52-4e62-a177-99f95b8b7c8f,113.88496732026145
860c0291-2229-4d1a-ba72-c4dff72818d8,5,2026-05-05 15:48:48 UTC,,,João Lopes,SRID=4326;POINT(-52.4302005 -13.6783244),-13.6783244,-52.4302005,5,"Mato Grosso,Agua Boa",Sequeiro,R5 (formação de dentes / dent),45,4. Boa / Good,25,13,14,28,18,18,38,13,18,28,21,12,18,24,16.5,18,35,16,18,31,5ab13790-bbf9-41c2-ab51-f85645d041a2,bcc7cf2c-c5e6-4adb-97b1-0beb49eeb00d,9b6bcac6-d971-4f5b-86af-ee94a82bcfcd,135.3092616799806
731a67ea-16b6-45d3-91b3-756f72c1d404,5,2026-05-05 15:48:47 UTC,,,João Lopes,SRID=4326;POINT(-52.45851 -13.8171233),-13.8171233,-52.45851,5,"Mato Grosso,Agua Boa",Sequeiro,R3 (grão leitoso / milk),45,4. Boa / Good,25,15,16,35,15,35,16,16,16,36,27,16,14,40,15,14,36,15,14,32,25889d53-0f50-4cc9-9269-33a64936c758,62c90d4d-733c-44ae-afcf-b151bcc297e2,e7af4b9d-920d-43f2-ac5e-d5eeea911d11,169.89593318809008
6a280afc-45b8-4a0f-8d7a-84df8c955fca,5,2026-05-05 15:48:47 UTC,,,João Lopes,SRID=4326;POINT(-52.4754383 -13.927705),-13.927705,-52.4754383,5,"Mato Grosso,Agua Boa",Sequeiro,R5 (formação de dentes / dent),45,4. Boa / Good,25,25,18,35,14.5,16,35,13,16,30,27,14,18,28,13.5,16,31,14.5,18,31,6a26a7cb-c4f9-4c2b-bffc-cdc914f4a563,f4ff69c7-f0f3-45ae-bbd7-e720156ef95a,a3f0b9ac-7b87-4261-8cb7-a2983749a03f,154.90864197530865
9f12142e-7baa-49e6-aee4-c737d06b48ff,5,2026-05-05 15:48:46 UTC,,,João Lopes,SRID=4326;POINT(-52.505995 -14.0308617),-14.0308617,-52.505995,5,"Mato Grosso,Agua Boa",Sequeiro,R3 (grão leitoso / milk),50,3. Média / Fair,27,12.5,16,28,12,16,30,13,18,29,28,10,18,27,13.4,18,29,12,16,26,da75dbfd-ce5f-44b6-a97c-dcb306bca188,818e8228-d653-4733-8a46-40c59e3d4210,e5ddbd88-7861-4d2a-b5e1-61feecc94bef,131.1627777777778
4746c0a3-b377-4931-ae02-02a088ea33e2,5,2026-05-05 15:48:45 UTC,,,João Lopes,SRID=4326;POINT(-52.42111 -14.0851567),-14.0851567,-52.42111,5,"Mato Grosso,Agua Boa",Sequeiro,R3 (grão leitoso / milk),50,3. Média / Fair,25,15,14,34,14,18,30,15,16,31,25,14.5,16,31,15.5,16,30,1,18,33,7b43d1cf-05b7-4b24-8ca8-ea09ca17ec2c,aeb5c8d1-e698-45bc-a55c-62440b66861b,c2dac94f-3203-470c-a462-aacf741da37f,128.1205882352941
007b2910-a2d9-46d7-bcd8-e413202ded79,5,2026-05-05 15:48:44 UTC,,,João Lopes,SRID=4326;POINT(-52.3115831 -14.0457153),-14.0457153,-52.3115831,5,"Mato Grosso,Agua Boa",Sequeiro,R3 (grão leitoso / milk),45,4. Boa / Good,19,9,18,17,14.5,16,28,17,16,32,22,17,16,34,16.5,18,34,13,18,28,90c63f5f-6dad-451c-8f67-d50ce34e6b89,178d330c-7323-47a5-a010-7e25823f3cd9,27656917-3ec0-4506-8247-b9c71fc28662,111.21123456790123
933e48a9-07fc-45b6-8916-29d45aedb11c,4,2026-05-04 21:12:43 UTC,,,Jhonatan Negreiros,SRID=4326;POINT(-55.517061911161996 -12.077471402980233),-12.077471403,-55.5170619112,4,"Mato Grosso,Sinop",Sequeiro,R5 (formação de dentes / dent),50,3. Média / Fair,35,14,18,29,11,16,23,8,20,16,37,11,20,18,11,16,24,10,18,21,ba6ef447-4972-4555-9133-acaafa6111f3,9b04e8ff-00ca-4fcd-b006-e2d1ff528c3b,84d7ecea-7cfc-45d3-9cdb-50bbd3cd7b71,140.925176470588
0a73f4b5-735c-4cd4-9a33-0f0e4e2f0402,4,2026-05-04 21:12:42 UTC,,,Jhonatan Negreiros,SRID=4326;POINT(-55.54556616587149 -12.229336202156011),-12.2293362022,-55.5455661659,4,"Mato Grosso,Vera",Sequeiro,R6 (maturação fisiológica / physiological maturity),50,2. Ruim / Poor,30,18,12,35,18,12,36,16,12,33,30,15,12,30,13,14,29,12,12,25,139d0456-2bf2-4c08-a5c6-5641b069fe67,2ac4accd-d1cb-4e5c-af18-730120a95f6d,43124694-8b3d-4f21-b4a2-8f449b701fd2,115.478692810458
742b5064-09cf-4e28-aab4-e67fcdcc9ef8,4,2026-05-04 21:12:42 UTC,,,Jhonatan Negreiros,SRID=4326;POINT(-55.60588520457796 -12.369002674134505),-12.3690026741,-55.6058852046,4,"Mato Grosso,Sorriso",Sequeiro,R5 (formação de dentes / dent),50,5. Excelente / Excellent,32,18,16,31,16,16,32,17,16,31,32,15,16,32,14,16,28,11,16,22,eb9a15ba-a41d-47d8-9c94-95572480bad8,a3405a3e-c930-4693-bd5c-4d32d8997ef2,bca7d39b-29ed-4dc2-a983-8a72cb53cf0a,149.597699346405
a1ae8fa6-1bf8-41f6-8cdc-98aaeb435f1e,4,2026-05-04 21:12:41 UTC,,,Jhonatan Negreiros,SRID=4326;POINT(-55.694662977095255 -12.512364772230205),-12.5123647722,-55.6946629771,4,"Mato Grosso,Sorriso",Sequeiro,R6 (maturação fisiológica / physiological maturity),50,4. Boa / Good,35,16,16,36,16,16,31,17,14,37,35,15,14,32,14,16,29,13,16,26,0cca9866-e2c8-4678-859d-50f46ef6e65a,595ea4a2-c460-41c1-ba81-a5ee713a2440,2b29487c-8bb5-448b-ba54-3b344787bb93,170.168932461874
3078218e-1481-4ccc-a682-99a1c76a4c8d,4,2026-05-04 19:46:34 UTC,,,Jhonatan Negreiros,SRID=4326;POINT(-55.828862355918815 -12.727411059697236),-12.7274110597,-55.8288623559,4,"Mato Grosso,Sorriso",Sequeiro,R6 (maturação fisiológica / physiological maturity),50,3. Média / Fair,34,15,16,36,16,16,38,15,16,34,33,13,16,29,12,14,28,12,18,27,f16a8dba-2a5c-4cbb-9f3b-ceff9b972da0,6a0bd53c-1074-4325-9310-cf76b423be36,713610f3-26f8-4fce-a99e-ac6bd1cf88ab,170.84737254902
6834d033-5a1e-4ced-b2b3-d2f18d5bf19c,4,2026-05-04 19:46:33 UTC,,,Jhonatan Negreiros,SRID=4326;POINT(-55.829729233192566 -12.854455132857547),-12.8544551329,-55.8297292332,4,"Mato Grosso,Sorriso",Sequeiro,R6 (maturação fisiológica / physiological maturity),60,4. Boa / Good,43,13,18,27,13,18,31,13,14,28,43,12,16,29,11,18,27,9,14,14,5c087b99-62ad-4a37-83dc-01bb42cb11b8,ab4403da-3e79-4859-ad50-355591e0bd11,73568570-a4bc-4896-853c-f4ccc636b520,151.575468409586
4752c3d0-b6f0-4676-9884-88ea8966c317,4,2026-05-04 19:46:33 UTC,,,Jhonatan Negreiros,SRID=4326;POINT(-55.88317514402408 -12.989347921696481),-12.9893479217,-55.883175144,4,"Mato Grosso,Sorriso",Sequeiro,R6 (maturação fisiológica / physiological maturity),50,5. Excelente / Excellent,32,16,16,32,16,16,32,14,18,26,29,15,16,28,15,16,30,14,16,30,5eac73fa-7c80-4163-b7c3-ef1807740d5b,bd8b4395-7a7f-4c7b-a4c3-7e43bdf97bde,5dc561fd-212f-41c3-9d62-44875bfe913f,147.209877995643
cbecbfea-9b7c-400c-846b-18b0ee251272,4,2026-05-04 19:46:03 UTC,,,Jhonatan Negreiros,SRID=4326;POINT(-55.76768995041826 -12.623455595421136),-12.6234555954,-55.7676899504,4,"Mato Grosso,Sorriso",Sequeiro,R5 (formação de dentes / dent),50,5. Excelente / Excellent,30,18,16,38,18,16,36,18,14,38,33,16,14,33,16,16,35,18,18,33,51915b65-a2bb-4a62-9679-cd7c019f4824,b58e7ed3-2d3e-4002-8b29-69a349ae70e9,f1c340d4-d412-4db2-a0fc-00dd3d1008eb,174.505470588235
af88174c-0167-4f86-b180-467ef166db90,4,2026-05-04 18:26:55 UTC,,,Jhonatan Negreiros,SRID=4326;POINT(-55.98900245334856 -13.19217487970199),-13.1921748797,-55.9890024533,4,"Mato Grosso,Lucas do Rio Verde",Sequeiro,R6 (maturação fisiológica / physiological maturity),50,5. Excelente / Excellent,32,17,18,34,16,16,34,18,18,34,34,15,18,31,16,16,27,11,16,22,cc1ce174-2869-4d31-92f7-3f968727cbda,5cb48eef-e207-4fd2-9c30-a630661aad89,e9f89a02-fe4b-4e26-ba2b-68b22a21f131,169.502666666667
ec636e7a-12de-48ed-97aa-4d966e22cd46,4,2026-05-04 18:26:55 UTC,,,Jhonatan Negreiros,SRID=4326;POINT(-56.042299879142554 -13.312139513277762),-13.3121395133,-56.0422998791,4,"Mato Grosso,Lucas do Rio Verde",Sequeiro,R6 (maturação fisiológica / physiological maturity),48,5. Excelente / Excellent,29,19,12,36,17,16,32,18,12,33,29,15,14,31,15,16,32,14,12,29,5541393b-f963-443b-854b-910a4a8bfdf0,5ee20e55-3c6d-4675-9d83-671c0a991092,8a237211-4de0-4293-a6bd-211c333b7e56,132.278408678286
22055f3d-f794-428c-8193-a4f7b0febbdb,4,2026-05-04 18:26:54 UTC,,,Jhonatan Negreiros,SRID=4326;POINT(-56.07946084246057 -13.419810751828289),-13.4198107518,-56.0794608425,4,"Mato Grosso,Lucas do Rio Verde",Sequeiro,R6 (maturação fisiológica / physiological maturity),50,4. Boa / Good,28,16,18,35,16,18,32,10,16,25,29,14,18,31,11,20,25,10,18,20,e66530cc-59a6-4347-9894-8ef579c36bed,8ba11a58-d00d-4f75-8262-48ed3d1ff2f9,5813468d-89ca-4cd8-af37-0e92ba28f646,143.076705882353
f05b5c11-2bd8-4f27-891b-fe5db62d51a6,4,2026-05-04 18:26:52 UTC,,,Jhonatan Negreiros,SRID=4326;POINT(-56.02585250188317 -13.545501950088573),-13.5455019501,-56.0258525019,4,"Mato Grosso,Lucas do Rio Verde",Sequeiro,R6 (maturação fisiológica / physiological maturity),50,4. Boa / Good,33,19,18,42,14,20,26,8,18,14,33,13,18,30,9,18,17,15,18,31,d4763c30-c81b-4ed0-bfc3-42b98b61a43e,3c53e66d-fc71-43b0-bb12-9f223ee83c88,e052fd9f-4b50-412c-ae43-2c969e669724,160.700653594771
389c980c-aa57-4e2e-8110-c59ff024146c,4,2026-05-04 18:26:51 UTC,,,Jhonatan Negreiros,SRID=4326;POINT(-56.04139231944422 -13.711283421673626),-13.7112834217,-56.0413923194,4,"Mato Grosso,Nova Mutum",Sequeiro,R4 (grão pastoso / dough),50,3. Média / Fair,30,18,16,30,16,16,32,18,16,37,29,14,18,26,18,14,34,10,12,19,9fcb0ddc-7d8f-472c-9be1-6141d847e59c,ed5d3017-3431-40d5-89d2-6de7cc6104cd,fe0ab0ba-bfc2-42e7-8967-088d127f547c,133.665978213508
9e0eb08c-855f-497e-8407-269431714a5d,4,2026-05-04 15:30:45 UTC,,,Jhonatan Negreiros,SRID=4326;POINT(-56.08611283829071 -13.868438699295622),-13.8684386993,-56.0861128383,4,"Mato Grosso,Nova Mutum",Sequeiro,R6 (maturação fisiológica / physiological maturity),48,4. Boa / Good,28,17,16,35,15,16,33,14,16,28,30,11,20,22,14,14,33,16,16,35,812ca27e-bdac-4de4-b1df-62de6169a71e,2bf1209f-fb5a-4096-81dc-070be78665c0,81552951-a472-4af3-8e70-fa9d53aa1eab,152.355038126362
